lineId,lineCode,authority,num_edges,total_travel_time_sec,avg_edge_time_sec,total_distance_m,avg_edge_distance_m,trips_per_day,commercial_speed_m_s,commercial_speed_km_h,vehicle_km_per_day,passengers_est_per_day,capacity_per_day,load_factor,speed_score,capacity_score,route_score
BRA:Line:4_6169,169,Brakar,8,1920.0,240.0,12718.261163208444,1589.7826454010556,14.0,6.624094355837731,23.846739681015833,178.05565628491823,342.01044698809613,630.0,0.5428737253779303,0.2743881731231783,0.5921256731466651,0.4332569231349217
BRA:Line:4_6200,200,Brakar,10,2940.0,294.0,18857.62135672704,1885.7621356727038,57.0,6.414156924056816,23.09096492660454,1074.8844173334412,2064.6448852177687,2565.0,0.8049297798119955,0.2583573027397827,0.9887783008153983,0.6235678017775905
INN:Line:126,126,Innlandstrafikk,67,7740.0,115.5223880597015,49349.41809862306,736.5584790839263,14.0,6.3758938111916095,22.953217720289796,690.8918533807228,1327.0695047006475,630.0,2.106459531270869,0.25543552267605646,0.00015524546069928887,0.12779538406837787
NBU:Line:a7c15243-8873-4aee-a8b4-8d22e8ad31dc,FB5,Flybussen Connect,49,5820.0,118.77551020408163,28270.615316401883,576.9513329877935,47.0,4.857494040618881,17.48697854622797,1328.7189198708886,2552.211826280942,2115.0,1.2067195396127386,0.1394901683591049,0.49315194669500156,0.31632105752705325
NBU:Line:a7cafc59-feaf-4e61-9fa1-b7dce4ffe970,FB1,Flybussen Connect,56,4740.0,84.64285714285714,30366.260063364236,542.2546439886471,43.0,6.406383979612708,23.06298232660575,1305.7491827246622,2508.091407797807,1935.0,1.2961712701797452,0.25776375892139936,0.3309004213389434,0.29433209013017136
NBU:Line:cb7b555c-f96e-42d5-84bf-a5e08c0145c2,FB3,Flybussen Connect,66,5820.0,88.18181818181819,43702.437006251006,662.1581364583486,43.0,7.509009794888489,27.03243526159856,1879.204791268793,3609.5886199513607,1935.0,1.8654204754270598,0.34196051876610484,0.003252877685015001,0.1726066982255599
OST:Line:1_9,9,Ã˜stfold kollektivtrafikk,19,2340.0,123.15789473684211,16585.482988783173,872.9201573043775,12.0,7.087813243069732,25.516127675051035,199.0257958653981,382.29002563762975,540.0,0.7079444919215366,0.30979785358124146,0.8939460800663767,0.6018719668238091
RUT:Line:100,100,Ruter,44,3960.0,90.0,23702.734620299492,538.6985140977157,214.0,5.9855390455301745,21.54794056390863,5072.385208744091,9743.070053120895,9630.0,1.0117414385379953,0.22562794334742284,0.8647325930907923,0.5451802682191076
RUT:Line:110,110,Ruter,24,2520.0,105.0,20964.673603142783,873.5280667976159,213.0,8.319314921882057,29.949533718775406,4465.475477469412,8577.313947386556,9585.0,0.8948684347821133,0.40383560388856504,0.9888779983587374,0.6963568011236512
RUT:Line:120,120,Ruter,20,1260.0,63.0,7336.638678972596,366.8319339486298,129.0,5.822729110295711,20.961824797064562,946.4263895874649,1817.901881343132,5805.0,0.31316139213490646,0.21319573939631223,0.20167714109860357,0.2074364402474579
RUT:Line:130,130,Ruter,4,420.0,105.0,3852.5494557787506,963.1373639446876,134.0,9.172736799473215,33.021852478103575,516.2416270743526,991.6002294644119,6030.0,0.1644444824982441,0.46900309396387085,0.07345844730431068,0.2712307706340908
RUT:Line:1331,1331,Ruter,1,60.0,60.0,587.4465617828797,587.4465617828797,3.0,9.790776029714662,35.24679370697278,1.762339685348639,3.385113374699359,135.0,0.025074913886661918,0.5161967111659409,0.02280983855447743,0.26950327486020914
RUT:Line:140,140,Ruter,4,420.0,105.0,3852.5494557787506,963.1373639446876,141.0,9.172736799473215,33.021852478103575,543.2094732648038,1043.4002414513586,6345.0,0.16444448249824406,0.46900309396387085,0.07345844730431068,0.2712307706340908
RUT:Line:150,150,Ruter,8,1260.0,157.5,10804.807673481424,1350.600959185178,168.0,8.575244185302717,30.87087906708978,1815.2076891448792,3486.662575589598,7560.0,0.46119875338486743,0.4233784210718106,0.4317910944393966,0.4275847577556036
RUT:Line:160,160,Ruter,8,1260.0,157.5,10804.807673481424,1350.600959185178,187.0,8.575244185302717,30.87087906708978,2020.4990349410261,3880.9875097336594,8415.0,0.46119875338486743,0.4233784210718106,0.4317910944393966,0.4275847577556036
RUT:Line:20,20,Ruter,52,4680.0,90.0,21489.918064791516,413.26765509214454,338.0,4.591862834357162,16.530706203685785,7263.592305899533,13951.954704010239,15210.0,0.9172882777127047,0.11920650859798869,0.9751597674866433,0.547183138042316
RUT:Line:2031,31E,Ruter,30,4620.0,154.0,28317.80701275701,943.9269004252336,36.0,6.129395457306712,22.065823646304164,1019.4410524592524,1958.148914245621,1620.0,1.2087338976824822,0.23661285190540066,0.48921926448819836,0.3629160581967995
RUT:Line:2046,46X,Ruter,23,3030.0,131.7391304347826,13542.64797799764,588.8107816520713,0.0,4.4695207848177025,16.09027482534373,0.0,0.0,0.0,,0.1098644416689584,,
RUT:Line:2049,45X,Ruter,25,2040.0,81.6,10299.46109646346,411.97844385853836,0.0,5.048755439442872,18.17551958199434,0.0,0.0,0.0,,0.1540949325875919,,
RUT:Line:2056,56B,Ruter,22,1620.0,73.63636363636364,7887.129117431025,358.5058689741375,0.0,4.868598220636436,17.526953594291168,0.0,0.0,0.0,,0.14033808608899825,,
RUT:Line:2075,75B,Ruter,13,900.0,69.23076923076923,4061.054414625131,312.38880112501005,11.0,4.512282682916812,16.244217658500524,44.67159856087644,85.80549312643342,495.0,0.17334443055845136,0.11312975000373013,0.07857654780194877,0.09585314890283944
RUT:Line:2077,77B,Ruter,10,720.0,72.0,2906.4823283115597,290.64823283115595,144.0,4.036781011543833,14.532411641557799,418.53345527686463,803.9217461851414,6480.0,0.12406199786807738,0.07682033344945385,0.05351999774915765,0.06517016559930575
RUT:Line:2078,78B,Ruter,24,2040.0,85.0,9183.652303416626,382.65217930902605,31.0,4.501790344812071,16.206445241323458,284.6932214059154,546.840566253696,1395.0,0.392000405916628,0.11232855266246042,0.31181242001044657,0.21207048633645348
RUT:Line:21,21,Ruter,51,4800.0,94.11764705882354,18893.720041175737,370.4650988465831,338.0,3.9361916752449453,14.170290030881803,6386.077373917399,12266.418392567832,15210.0,0.806470637249693,0.0691393086865995,0.98952851498444,0.5293339118355198
RUT:Line:2160,160E,Ruter,6,900.0,150.0,9909.10787523979,1651.5179792066317,30.0,11.010119861377545,39.63643150095916,297.27323625719373,571.0043394927662,1350.0,0.42296617740204906,0.6093060854798056,0.3630918796790607,0.48619898257943317
RUT:Line:2250,250E,Ruter,8,1260.0,157.5,10318.456474786484,1289.8070593483105,44.0,8.189251170465464,29.481304213675674,454.01208489060537,872.0693255762959,1980.0,0.4404390533213616,0.3939039060353044,0.39380877583359697,0.39385634093445065
RUT:Line:2255,255E,Ruter,8,1260.0,157.5,10318.456474786484,1289.8070593483105,14.0,8.189251170465464,29.481304213675674,144.4583906470108,277.47660359245776,630.0,0.4404390533213615,0.3939039060353044,0.39380877583359697,0.39385634093445065
RUT:Line:2265,265E,Ruter,6,900.0,150.0,9909.10787523979,1651.5179792066317,16.0,11.010119861377545,39.63643150095916,158.54572600383665,304.5356477294753,720.0,0.422966177402049,0.6093060854798056,0.3630918796790606,0.48619898257943306
RUT:Line:23,23,Ruter,67,5520.0,82.38805970149254,36970.00909874075,551.7911805782202,198.0,6.6974654164385425,24.110875499178754,7320.061801550669,14060.42167356235,8910.0,1.5780495705457183,0.27999080411854704,0.05261486788105972,0.1663028359998034
RUT:Line:2300,300E,Ruter,8,1080.0,135.0,11673.355937820545,1459.169492227568,16.0,10.808662905389394,38.91118645940182,186.7736950051287,358.756111696369,720.0,0.498272377356068,0.5939227861706584,0.5029368469162119,0.5484298165434351
RUT:Line:2390,390E,Ruter,18,3060.0,170.0,24696.50833437111,1372.028240798395,38.0,8.070754357637616,29.05471568749542,938.4673167061022,1802.6140430876042,1710.0,1.0541602591155579,0.38485546226244205,0.7932924018055529,0.5890739320339975
RUT:Line:24,24,Ruter,42,4080.0,97.14285714285714,25549.488923376084,608.3211648422878,57.0,6.262129638082373,22.543666697096544,1456.320868632437,2797.310468149731,2565.0,1.0905693832942422,0.24674846435626357,0.7250460154556132,0.48589723990593836
RUT:Line:2400,400E,Ruter,8,720.0,90.0,11611.136150320091,1451.3920187900114,22.0,16.12657798655568,58.055680751600455,255.444995307042,490.66038590785047,990.0,0.49561655142207117,1.0,0.4977242610750944,0.7488621305375471
RUT:Line:2470,470E,Ruter,8,900.0,112.5,11586.533192548204,1448.3166490685255,10.0,12.873925769498005,46.34613277019282,115.86533192548204,222.55487294853637,450.0,0.4945663843300808,0.7516267315857669,0.4956673183752039,0.6236470249804854
RUT:Line:25,25,Ruter,98,7260.0,74.08163265306122,39609.686608628464,404.18047559824964,210.0,5.45587969815819,19.641166913369485,8318.034187811978,15977.333436033094,9450.0,1.6907231149241368,0.18518303424738652,0.019707579370768797,0.10244530680907767
RUT:Line:250,250,Ruter,8,1140.0,142.5,10318.456474786484,1289.8070593483105,190.0,9.051277609461827,32.58459939406258,1960.5067302094321,3765.753905897641,8550.0,0.4404390533213615,0.45972844239065014,0.39380877583359697,0.42676860911212355
RUT:Line:2505,505E,Ruter,2,240.0,120.0,814.2332031361778,407.1166015680889,24.0,3.3926383464007412,12.213498047042668,19.54159687526827,37.535624655905906,1080.0,0.034755208014727694,0.02763345197850204,0.024913238522725308,0.026273345250613672
RUT:Line:2540,540N,Ruter,22,1800.0,81.81818181818181,16547.986018281576,752.1811826491626,0.0,9.193325565711987,33.095972036563154,0.0,0.0,0.0,,0.47057525687035157,,
RUT:Line:26,26,Ruter,70,5760.0,82.28571428571429,30862.81076677846,440.8972966682637,46.0,5.358126869232372,19.289256729236538,1419.6892952718092,2726.948307012328,2070.0,1.3173663318900135,0.17771860583732868,0.29715328667245816,0.23743594625489342
RUT:Line:28,28,Ruter,48,4980.0,103.75,21640.956696229576,450.8532645047828,134.0,4.345573633781039,15.64406508161174,2899.8881972947634,5570.123854898811,6030.0,0.9237352993198692,0.10039980882190389,0.9702466429740717,0.5353232258979878
RUT:Line:2840,140E,Ruter,6,900.0,150.0,9909.10787523979,1651.5179792066317,20.0,11.010119861377545,39.63643150095916,198.1821575047958,380.6695596618441,900.0,0.422966177402049,0.6093060854798056,0.3630918796790606,0.48619898257943306
RUT:Line:2850,150E,Ruter,6,900.0,150.0,9909.10787523979,1651.5179792066317,24.0,11.010119861377545,39.63643150095916,237.81858900575497,456.8034715942129,1080.0,0.422966177402049,0.6093060854798056,0.3630918796790606,0.48619898257943306
RUT:Line:30,30,Ruter,62,6540.0,105.48387096774194,25929.677114684815,418.2205986239486,210.0,3.964782433438045,14.273216760376963,5445.232194083811,10459.236934728704,9450.0,1.1067975592305508,0.07132250553181428,0.6932524671299987,0.3822874863309065
RUT:Line:300,300,Ruter,14,2340.0,167.14285714285714,18273.80939905214,1305.2720999322958,229.0,7.809320256005188,28.113552921618677,4184.70235238294,8038.003127294385,10305.0,0.7800100075006682,0.36489229437229387,0.9731525371285312,0.6690224157504125
RUT:Line:3002,2B,Ruter,13,1680.0,129.23076923076923,9100.45487206367,700.0349901587439,0.0,5.416937423847423,19.50097472585072,0.0,0.0,0.0,,0.18220939326009447,,
RUT:Line:3003,3B,Ruter,18,3180.0,176.66666666666666,15556.654108310555,864.2585615728086,0.0,4.892029593808351,17.611306537710064,0.0,0.0,0.0,,0.1421273111120801,,
RUT:Line:3004,4B,Ruter,43,6660.0,154.88372093023256,32229.715714447044,749.528272429001,0.0,4.8392966538208775,17.421467953755158,0.0,0.0,0.0,,0.13810061173454002,,
RUT:Line:3005,5B,Ruter,23,4080.0,177.3913043478261,15981.55588655371,694.8502559371178,0.0,3.917048011410223,14.101372841076802,0.0,0.0,0.0,,0.06767749413073698,,
RUT:Line:3017,17B,Ruter,19,1560.0,82.10526315789474,6401.969855298543,336.945781857818,175.0,4.103826830319579,14.773776589150485,1120.344724677245,2151.9653352347646,7875.0,0.27326543939489073,0.08193996753007009,0.15756705180981065,0.11975350966994036
RUT:Line:3075,75C,Ruter,8,480.0,60.0,2064.7557857817237,258.09447322271546,23.0,4.301574553711925,15.48566839336293,47.48938307297964,91.21791169604322,1035.0,0.0881332480155007,0.09704002898848814,0.039768826311346726,0.06840442764991743
RUT:Line:3077,77X,Ruter,16,1200.0,75.0,7925.969638555353,495.3731024097096,38.0,6.604974698796128,23.77790891566606,301.18684626510344,578.5216267054817,1710.0,0.3383167407634396,0.2729281917315378,0.233504434666619,0.2532163131990784
RUT:Line:3080,80X,Ruter,8,2460.0,307.5,19558.709693078366,2444.838711634796,0.0,7.950694997186328,28.62250198987078,0.0,0.0,0.0,,0.37568770199510443,,
RUT:Line:3081,81X,Ruter,10,2580.0,258.0,18564.984132272402,1856.4984132272402,0.0,7.195730283826513,25.904629021775445,0.0,0.0,0.0,,0.3180384235351359,,
RUT:Line:31,31,Ruter,63,6600.0,104.76190476190476,33201.763641586185,527.0121212950188,333.0,5.03057024872518,18.11005289541065,11056.1872926482,21236.795487653417,14985.0,1.417203569412974,0.15270630725851353,0.16740609404007994,0.16005620064929674
RUT:Line:3110,110E,Ruter,8,840.0,105.0,11629.095978275716,1453.6369972844645,37.0,13.844161878899662,49.83898276403878,430.27655119620147,826.4779601701091,1665.0,0.4963831592613268,0.8257141831620034,0.49922732665874,0.6624707549103717
RUT:Line:3115,115E,Ruter,8,840.0,105.0,11629.095978275716,1453.6369972844645,36.0,13.844161878899662,49.83898276403878,418.64745521792577,804.1407180033495,1620.0,0.49638315926132687,0.8257141831620034,0.4992273266587401,0.6624707549103718
RUT:Line:3125,125E,Ruter,10,1380.0,138.0,16630.410932102764,1663.0410932102764,44.0,12.051022414567221,43.383680692442,731.7380810125217,1405.5272008031236,1980.0,0.7098622226278402,0.6887896428920106,0.8966377768457935,0.7927137098689021
RUT:Line:3130,130N,Ruter,8,1260.0,157.5,10804.807673481424,1350.600959185178,0.0,8.575244185302717,30.87087906708978,0.0,0.0,0.0,,0.4233784210718106,,
RUT:Line:3140,140N,Ruter,8,1260.0,157.5,10804.807673481424,1350.600959185178,0.0,8.575244185302717,30.87087906708978,0.0,0.0,0.0,,0.4233784210718106,,
RUT:Line:3250,250N,Ruter,8,1140.0,142.5,10318.456474786484,1289.8070593483105,0.0,9.051277609461827,32.58459939406258,0.0,0.0,0.0,,0.45972844239065014,,
RUT:Line:34,34,Ruter,47,4020.0,85.53191489361703,17927.899334652262,381.444666694729,214.0,4.459676451406035,16.054835225061726,3836.5704576155845,7369.309150228736,9630.0,0.7652449792553204,0.10911272611449707,0.9608779770883238,0.5349953516014104
RUT:Line:345,345,Ruter,21,1560.0,74.28571428571429,15243.315273925436,725.8721559012113,98.0,9.771355944823998,35.176881401366394,1493.8448968446928,2869.386862292087,4410.0,0.6506546172997929,0.514713789034924,0.8019011782884714,0.6583074836616978
RUT:Line:3500,500N,Ruter,22,1740.0,79.0909090909091,16585.83667707119,753.9016671395996,6.0,9.532090044293788,34.31552415945764,99.51502006242715,191.14908901921208,270.0,0.7079595889600447,0.4964433900592474,0.8939673811036135,0.6952053855814304
RUT:Line:37,37,Ruter,63,5400.0,85.71428571428571,20506.27161973367,325.4963749164075,363.0,3.7974577073580873,13.670847746489114,7443.776597963322,14298.053848259611,16335.0,0.8753017354306465,0.058545551117490414,0.9964497735883034,0.527497662352897
RUT:Line:375,375,Ruter,8,840.0,105.0,11611.136150320091,1451.3920187900114,37.0,13.822781131333443,49.762012072800395,429.61203756184335,825.2015581177485,1665.0,0.49561655142207117,0.8240815443799313,0.4977242610750944,0.6609029027275128
RUT:Line:380,380,Ruter,45,3480.0,77.33333333333333,26901.393615730765,597.8087470162392,164.0,7.730285521761714,27.82902787834217,4411.828552979845,8474.268590631058,7380.0,1.148274876779276,0.35885718396013333,0.6100184216307695,0.4844378027954514
RUT:Line:390,390,Ruter,46,3720.0,80.8695652173913,26970.153464880023,586.3076840191309,160.0,7.250041254000006,26.100148514400022,4315.224554380804,8288.711010315683,7200.0,1.151209862543845,0.32218562165917664,0.6040846105372848,0.4631351160982307
RUT:Line:3901,1N,Ruter,54,5040.0,93.33333333333333,23925.047955977174,443.0564436292069,0.0,4.747033324598646,17.089319968555124,0.0,0.0,0.0,,0.1310553627793863,,
RUT:Line:3902,2N,Ruter,85,7740.0,91.05882352941177,40042.0772073906,471.0832612634188,2.0,5.173394988034961,18.624221956925858,80.0841544147812,153.82615761576906,90.0,1.7091795290641008,0.16361243707059353,0.016555240626293207,0.09008383884844337
RUT:Line:3903,3N,Ruter,46,3540.0,76.95652173913044,21450.716791918585,466.3199302590997,2.0,6.059524517491126,21.814288262968056,42.90143358383717,82.40534888124802,90.0,0.9156149875694224,0.23127749093500172,0.9763652987621455,0.6038213948485736
RUT:Line:3904,4N,Ruter,33,3360.0,101.81818181818181,18985.792305486535,575.327039560198,4.0,5.650533424251945,20.341920327307,75.94316922194614,145.87212668902131,180.0,0.8104007038278962,0.2000468373633092,0.9913261465016854,0.5956864919324973
RUT:Line:3905,5N,Ruter,50,4560.0,91.2,29343.8821751228,586.877643502456,2.0,6.4350618805093855,23.166222769833787,58.6877643502456,112.7278343016598,90.0,1.2525314922406645,0.25995361000342204,0.40649828537187543,0.33322594768764874
RUT:Line:3911,11N,Ruter,51,4980.0,97.6470588235294,19745.2686327392,387.1621300537098,12.0,3.9649133800681127,14.273688168245206,236.94322359287042,455.12206409284437,540.0,0.8428186372089711,0.0713325046464836,0.9997135300873636,0.5355230173669236
RUT:Line:3912,12N,Ruter,56,5340.0,95.35714285714286,22264.98732246224,397.5890593296828,3.0,4.16947328135997,15.010103812895892,66.79496196738671,128.3001915000316,135.0,0.9503717888891229,0.0869527455698465,0.9455680487927889,0.5162603971813177
RUT:Line:3919,19N,Ruter,95,7440.0,78.3157894736842,39409.27467027139,414.8344702133831,5.0,5.2969455201977675,19.069003872711964,197.04637335135698,378.48793817278545,225.0,1.6821686141012686,0.17304678400958265,0.021338383397882014,0.09719258370373234
RUT:Line:3963,63N,Ruter,12,840.0,70.0,4346.517216443008,362.2097680369173,0.0,5.174425257670247,18.62793092761289,0.0,0.0,0.0,,0.16369110869595888,,
RUT:Line:3969,70E,Ruter,26,3120.0,120.0,16568.839318975224,637.2630507298163,23.0,5.310525422748469,19.11789152189449,381.08330433643016,731.9872559804933,1035.0,0.7072340637492689,0.1740837484792472,0.892941724252585,0.5335127363659161
RUT:Line:3970,70N,Ruter,65,4560.0,70.15384615384616,27960.25436220087,430.15775941847494,2.0,6.1316347285528225,22.07388502279016,55.92050872440174,107.4124719409677,90.0,1.1934719104551967,0.2367838431707274,0.5192315774779416,0.3780077103243345
RUT:Line:3981,81N,Ruter,40,3660.0,91.5,23831.369063767015,595.7842265941754,0.0,6.511303022887162,23.440690882393785,0.0,0.0,0.0,,0.2657754011007601,,
RUT:Line:3983,83N,Ruter,34,3540.0,104.11764705882354,23496.217974567484,691.0652345461025,0.0,6.637349710329798,23.894458957187272,0.0,0.0,0.0,,0.2754003550287378,,
RUT:Line:40,40,Ruter,20,2340.0,117.0,10328.8735182375,516.4436759118751,86.0,4.414048512067308,15.890574643442308,888.283122568425,1706.2199210087192,3870.0,0.4408837005190489,0.10562856621411351,0.3946059998725502,0.25011728304333186
RUT:Line:400,400,Ruter,13,1920.0,147.69230769230768,17927.43300352714,1379.0333079636262,165.0,9.337204689337053,33.61393688161339,2958.0264455819784,5681.796175220934,7425.0,0.7652250741038295,0.48156189971028585,0.9608599633613459,0.721210931535816
RUT:Line:4073,73X,Ruter,18,1680.0,93.33333333333333,5413.049842431508,300.7249912461949,52.0,3.2220534776378025,11.599392519496089,281.47859180643843,540.6658850941208,2340.0,0.23105379704876955,0.014607552322070129,0.11903922311692702,0.06682338771949857
RUT:Line:41,41,Ruter,48,3180.0,66.25,22112.30665466361,460.6730553054919,49.0,6.95355555178101,25.032799986411636,1083.503026078517,2081.199564191865,2205.0,0.9438546776380341,0.29954590551859445,0.9522409046681751,0.6258934050933848
RUT:Line:42,42,Ruter,44,4080.0,92.72727272727273,24028.229166247143,546.0961174147078,208.0,5.889271854472339,21.201378676100422,4997.871666579405,9599.943963255873,9360.0,1.0256350388093882,0.2182769585852951,0.8425047936440963,0.5303908761146957
RUT:Line:45,45,Ruter,38,2640.0,69.47368421052632,15334.38443034972,403.53643237762424,128.0,5.808478950890046,20.910524223204167,1962.8012070847642,3770.161151801026,5760.0,0.6545418666321225,0.21210759395965972,0.8087675054502504,0.5104375497049551
RUT:Line:46,46,Ruter,36,2940.0,81.66666666666667,14117.063971283347,392.14066586898184,147.0,4.801722439212023,17.286200781163284,2075.208403778652,3986.0736164094965,6615.0,0.6025810455645497,0.13523143609948216,0.7117065074504474,0.4234689717749648
RUT:Line:48,48,Ruter,16,3300.0,206.25,13560.428518191033,847.5267823869395,0.0,4.109220763088191,14.79319474711749,0.0,0.0,0.0,,0.08235184947192699,,
RUT:Line:500,500,Ruter,22,1800.0,81.81818181818181,16585.83667707119,753.9016671395996,93.0,9.214353709483994,33.17167335414238,1542.482810967621,2962.8108797977875,4185.0,0.7079595889600448,0.47218097074592297,0.8939673811036137,0.6830741759247684
RUT:Line:505,505,Ruter,25,2520.0,100.8,20901.74913103886,836.0699652415544,90.0,8.29434489326939,29.859641615769803,1881.1574217934976,3613.3392451911914,4050.0,0.8921825296768374,0.4019288867835512,0.9901633340125668,0.6960461103980591
RUT:Line:51,51,Ruter,47,3120.0,66.38297872340425,21258.02596150899,452.2984247129572,46.0,6.813469859458009,24.528491494048833,977.8691942294134,1878.2974222348203,2070.0,0.9073900590506379,0.2888489299618876,0.9818685071939445,0.635358718577916
RUT:Line:515,515,Ruter,46,3660.0,79.56521739130434,32841.95595973137,713.9555643419864,71.0,8.973212010855566,32.303563239080034,2331.7788731409273,4478.895820103623,3195.0,1.4018453271059852,0.45376733539775727,0.18417820723671788,0.31897277131723756
RUT:Line:517,517,Ruter,2,120.0,60.0,1115.0312141582635,557.5156070791318,0.0,9.291926784652196,33.45093642474791,0.0,0.0,0.0,,0.47810446853625804,,
RUT:Line:5260,260E,Ruter,8,840.0,105.0,9330.869396449498,1166.3586745561872,9.0,11.108177852916068,39.989440270497845,83.97782456804548,161.30514422774854,405.0,0.39828430673518156,0.6167938161768763,0.3218740948527031,0.46933395551478974
RUT:Line:54,54,Ruter,54,5040.0,93.33333333333333,21155.810354029672,391.7742658153643,216.0,4.197581419450332,15.111293110021196,4569.655036470409,8777.422712726417,9720.0,0.9030270280582733,0.08909908943345732,0.984499906241909,0.5367994978376831
RUT:Line:550,550,Ruter,43,3540.0,82.32558139534883,31130.75240603208,723.9709861867925,63.0,8.793997854811321,31.658392277320758,1961.237401580021,3767.157384154219,2835.0,1.3288033101073082,0.4400825013877221,0.27981527943311524,0.35994889041041866
RUT:Line:56,56,Ruter,38,2520.0,66.3157894736842,12453.8565697349,327.73306762460265,98.0,4.942006575291627,17.791223671049856,1220.4779438340204,2344.3018650407344,4410.0,0.5315877244990327,0.14594356486690283,0.5693512916696477,0.3576474282682753
RUT:Line:58,58,Ruter,66,5100.0,77.27272727272727,27764.41627849913,420.6729739166535,192.0,5.444003191862575,19.59841149070527,5330.767925471833,10239.373233181897,8640.0,1.1851126427293863,0.1842761415059755,0.535855055146682,0.36006559832632873
RUT:Line:60,60,Ruter,53,5220.0,98.49056603773585,19020.11396222083,358.87007475888356,136.0,3.6436999927626106,13.1173199739454,2586.7354988620327,4968.618142577453,6120.0,0.8118657095714793,0.046804576808061465,0.9919535247810978,0.5193790507945796
RUT:Line:62,62,Ruter,13,840.0,64.61538461538461,3789.7845208368785,291.5218862182214,66.0,4.511648239091522,16.24193366072948,250.12577837523398,480.4431998974086,2970.0,0.16176538717084465,0.11308130372789216,0.07197167217326,0.09252648795057608
RUT:Line:63,63,Ruter,12,840.0,70.0,4347.266917134604,362.27224309455033,97.0,5.175317758493576,18.631143930576876,421.6848909620566,809.975044068709,4365.0,0.18556129302834112,0.16375926026328297,0.08606435281485807,0.12491180653907052
RUT:Line:64,64,Ruter,38,2820.0,74.21052631578948,13996.25978030911,368.32262579760817,70.0,4.963212688052876,17.867565676990356,979.7381846216377,1881.887390971552,3150.0,0.5974245685623975,0.14756286849526212,0.7015851194574597,0.4245739939763609
RUT:Line:65,65,Ruter,29,2220.0,76.55172413793103,11398.252293182075,393.0431825235198,162.0,5.134347879811745,18.483652367322282,1846.5168714954962,3546.8014539267833,7290.0,0.4865296918966781,0.16063079094173158,0.48001009781744597,0.3203204443795888
RUT:Line:66,66,Ruter,37,2880.0,77.83783783783784,17078.128250569138,461.5710337991659,134.0,5.929905642558729,21.347660313211424,2288.4691855762644,4395.706294356669,6030.0,0.7289728514687677,0.22137976395198672,0.9218475716568725,0.5716136678044296
RUT:Line:67,67,Ruter,29,2340.0,80.6896551724138,18650.527304591265,643.1216311928023,73.0,7.970310813927891,28.693118930140407,1361.4884932351624,2615.155833046954,3285.0,0.7960900557220559,0.37718557025509436,0.98398363651852,0.6805846033868073
RUT:Line:68,68,Ruter,39,3180.0,81.53846153846153,18250.47747705757,467.96096095019413,74.0,5.7391438607099285,20.660917898555745,1350.5353333022604,2594.1169331729193,3330.0,0.7790140940459217,0.20681315059017794,0.9723937752181202,0.5896034629041491
RUT:Line:69,69,Ruter,38,2880.0,75.78947368421052,10514.356602952268,276.69359481453336,155.0,3.650818264913982,13.142945753690336,1629.7252734576016,3130.38676149174,6975.0,0.44880096938949676,0.047348129700198645,0.4089240238698173,0.22813607678500797
RUT:Line:70,70,Ruter,42,3540.0,84.28571428571429,17908.130501479733,426.38405955904125,152.0,5.058793926971676,18.211658137098034,2722.0358362249194,5228.503898664161,6840.0,0.7644011547754621,0.15486147379491472,0.9601109221936822,0.5574861979942984
RUT:Line:71,71,Ruter,32,3780.0,118.125,25224.09186401128,788.2528707503525,180.0,6.67304017566436,24.022944632391695,4540.33653552203,8721.107547998761,8100.0,1.076679944197378,0.2781256871376802,0.7516642434939163,0.5148949653157983
RUT:Line:72,72,Ruter,18,1200.0,66.66666666666667,6335.076543956372,351.9486968864651,158.0,5.279230453296977,19.005229631869117,1000.9420939451069,1922.6159960432742,7110.0,0.27041012602577696,0.1716940574428591,0.15470320734163442,0.16319863239224675
RUT:Line:73,73,Ruter,25,2400.0,96.0,8980.398942310423,359.2159576924169,160.0,3.741832892629343,13.470598413465634,1436.8638307696676,2759.937264987559,7200.0,0.38332462013716095,0.054298027522234345,0.29822062228201285,0.1762593249021236
RUT:Line:74,74,Ruter,60,4800.0,80.0,25054.374343378488,417.5729057229748,174.0,5.219661321537185,18.790780757533867,4359.461135747857,8373.680919625174,7830.0,1.0694356219189238,0.1671453448955455,0.7652818607469191,0.46621360282123225
RUT:Line:75,75A,Ruter,13,900.0,69.23076923076923,4055.2645294040467,311.94342533877284,11.0,4.505849477115607,16.221058117616185,44.607909823444515,85.6831593909505,495.0,0.17309729169888988,0.11263850893502707,0.0784306546365844,0.09553458178580573
RUT:Line:76,76,Ruter,50,3780.0,75.6,23001.445541226956,460.02891082453914,199.0,6.085038502970094,21.906138610692338,4577.287662704164,8792.083510166754,8955.0,0.981807203815383,0.2332257447109362,0.9079940631669483,0.5706099039389423
RUT:Line:77,77,Ruter,27,2400.0,88.88888888888889,13674.407625797343,506.4595416961979,141.0,5.697669844082227,20.511611438696015,1928.0914752374254,3703.4904761727853,6345.0,0.5836864422652144,0.20364618517959154,0.6743431504000008,0.4389946677897962
RUT:Line:78,78A,Ruter,22,1860.0,84.54545454545455,8877.845557822855,403.5384344464934,30.0,4.77303524614132,17.182926886108753,266.33536673468564,511.578681218137,1350.0,0.37894717127269406,0.13304087546492221,0.2914967315300226,0.2122688034974724
RUT:Line:79,79,Ruter,113,8700.0,76.99115044247787,46159.42424882133,408.4904800780648,200.0,5.305680948140383,19.10045141330538,9231.884849764267,17732.66365073037,9000.0,1.9702959611922632,0.17371382328839832,0.0009372388038813846,0.08732553104613985
RUT:Line:80,80E,Ruter,20,3420.0,171.0,23073.940905020758,1153.697045251038,66.0,6.746766346497298,24.28835884739027,1522.8800997313701,2925.1578662852,2970.0,0.9849016384798652,0.283755434431723,0.9038403741314949,0.593797904281609
RUT:Line:81,81,Ruter,49,5040.0,102.85714285714286,34976.358592911696,713.8032365900347,239.0,6.939753689069781,24.983113280651214,8359.349703705895,16056.692544040374,10755.0,1.4929514220400162,0.29849199212022526,0.10060112490078521,0.19954655851050523
RUT:Line:83,83,Ruter,22,2040.0,92.72727272727273,16707.17101637642,759.4168643807462,117.0,8.18978971391001,29.483242970076034,1954.7390089160408,3754.675229831889,5265.0,0.7131386951247652,0.39394502933609965,0.9011701402549315,0.6475575847955155
RUT:Line:84,84E,Ruter,2,300.0,150.0,909.2266699306067,454.61333496530335,20.0,3.0307555664353556,10.91072003916728,18.184533398612135,34.92896842309463,900.0,0.03880996491454959,0.0,0.02584293085146866,0.01292146542573433
RUT:Line:85,85,Ruter,24,2460.0,102.5,12518.445196441618,521.6018831850674,88.0,5.088798860342122,18.31967589723164,1101.6231772868623,2116.0048668908225,3960.0,0.5343446633562683,0.15715265738063183,0.5749075324908807,0.3660300949357562
RUT:Line:87,87,Ruter,15,1080.0,72.0,5465.929711512131,364.3953141008087,85.0,5.0610460291778985,18.219765705040434,464.6040254785311,892.4143930149353,3825.0,0.23331095242220531,0.15503344483529488,0.12089804710641441,0.13796574597085465
RUT:Line:9074,74X,Ruter,10,960.0,96.0,4500.313287555272,450.03132875552717,1.0,4.687826341203408,16.87617482833227,4.500313287555272,8.644230636517092,45.0,0.19209401414482427,0.1265343039641513,0.09029544554168047,0.10841487475291589
RUT:Line:91,91,Ruter,16,1140.0,71.25,6748.710118026867,421.7943823766792,0.0,5.919921156163919,21.31171616219011,0.0,0.0,0.0,,0.22061734628362634,,
RUT:Line:9742,42X,Ruter,17,1440.0,84.70588235294117,7327.505720865964,431.02974828623314,0.0,5.088545639490253,18.31876430216491,0.0,0.0,0.0,,0.15713332137837513,,
RUT:Line:9842,42N,Ruter,52,4260.0,81.92307692307692,27762.505055128164,533.8943279832339,0.0,6.517019965992526,23.461271877573097,0.0,0.0,0.0,,0.2662119481859268,,
UNI:Line:UE1,FB10,Unibuss,67,4500.0,67.16417910447761,33455.98120926151,499.3430031233061,47.0,7.4346624909470025,26.76478496740921,1572.4311168352908,3020.3357778552136,2115.0,1.4280547413027014,0.33628334160560364,0.1562381552434907,0.24626074842454715
UNI:Line:UE2,FB25,Unibuss,3,1320.0,440.0,14185.385176038599,4728.461725346199,16.0,10.746503921241363,38.68741411646891,226.96616281661758,435.9580617415039,720.0,0.605497307974311,0.5891763119016937,0.7174013634251886,0.6532888376634411
VYX:Line:56,FB11,Vy Buss,2,120.0,60.0,1086.0779632182162,543.0389816091081,44.0,9.050649693485134,32.58233889654648,47.78743038160152,91.79040287870048,1980.0,0.04635878933267701,0.4596804945828264,0.027653705916635105,0.24366710024973076
